date,bike_rides_daily,avgTemp
2022-01-01,20428,11.65
2022-01-02,43009,8.9
2022-01-03,33189,-1.35
2022-01-04,36842,-3.0
2022-01-05,34230,3.9000000000000004
2022-01-06,44787,3.05
2022-01-07,17401,-1.3499999999999999
2022-01-08,24455,-3.8
2022-01-09,21479,1.4000000000000001
2022-01-10,34727,0.050000000000000266
2022-01-11,26824,-6.800000000000001
2022-01-12,40568,-1.0999999999999996
2022-01-13,50572,5.0
2022-01-14,45714,0.04999999999999982
2022-01-15,22839,-9.05
2022-01-16,20930,-4.65
2022-01-17,29084,3.9000000000000004
2022-01-18,42935,0.30000000000000004
2022-01-19,54011,3.6500000000000004
2022-01-20,33928,1.15
2022-01-21,33598,-7.7
2022-01-22,31969,-6.05
2022-01-23,32967,-0.75
2022-01-24,41488,-0.5
2022-01-25,50692,1.7499999999999998
2022-01-26,42005,-4.35
2022-01-27,43830,-4.1
2022-01-28,34871,-0.8
2022-01-29,2848,-6.3
2022-01-30,9486,-7.1
2022-01-31,22349,-3.25
2022-02-01,29338,-1.35
2022-02-02,41947,4.15
2022-02-03,26568,8.35
2022-02-04,20309,5.35
2022-02-05,29638,-4.9
2022-02-06,28887,-4.6
2022-02-07,30717,0.8999999999999999
2022-02-08,51893,3.6
2022-02-09,56007,3.0999999999999996
2022-02-10,61937,7.5
2022-02-11,64614,8.6
2022-02-12,68575,10.3
2022-02-13,20384,0.8999999999999999
2022-02-14,34198,-6.300000000000001
2022-02-15,40550,-4.9
2022-02-16,53683,3.6500000000000004
2022-02-17,67432,14.7
2022-02-18,47038,7.25
2022-02-19,32450,-0.25
2022-02-20,31051,-1.9
2022-02-21,52366,6.4
2022-02-22,36459,9.450000000000001
2022-02-23,66325,10.85
2022-02-24,44725,0.04999999999999993
2022-02-25,30412,0.8999999999999999
2022-02-26,41415,-0.75
2022-02-27,42805,3.4000000000000004
2022-02-28,45636,-0.5
2022-03-01,56019,4.2
2022-03-02,67108,7.75
2022-03-03,55408,2.3000000000000003
2022-03-04,49704,-1.6
2022-03-05,51358,3.9
2022-03-06,54531,13.05
2022-03-07,67882,16.65
2022-03-08,62178,6.95
2022-03-09,28088,2.8
2022-03-10,66071,5.6
2022-03-11,69316,8.600000000000001
2022-03-12,19628,2.3000000000000003
2022-03-13,30833,-1.9
2022-03-14,63206,6.95
2022-03-15,78946,13.9
2022-03-16,81449,14.149999999999999
2022-03-17,50004,9.45
2022-03-18,92837,16.65
2022-03-19,77861,15.25
2022-03-20,65417,11.950000000000001
2022-03-21,73209,11.7
2022-03-22,75235,10.25
2022-03-23,60865,6.35
2022-03-24,45793,5.800000000000001
2022-03-25,74873,11.15
2022-03-26,62151,8.649999999999999
2022-03-27,45625,2.8499999999999996
2022-03-28,38135,-2.1500000000000004
2022-03-29,48426,-0.5
2022-03-30,61254,3.3500000000000005
2022-03-31,72625,13.049999999999999
2022-04-01,68479,11.100000000000001
2022-04-02,73254,7.75
2022-04-03,37164,6.65
2022-04-04,68902,8.049999999999999
2022-04-05,72629,10.55
2022-04-06,48443,9.2
2022-04-07,35322,9.7
2022-04-08,88195,13.850000000000001
2022-04-09,67329,10.55
2022-04-10,57144,7.8
2022-04-11,75355,10.25
2022-04-12,93575,16.1
2022-04-13,98764,17.25
2022-04-14,90635,20.0
2022-04-15,99636,16.1
2022-04-16,82188,14.75
2022-04-17,54110,7.8
2022-04-18,55811,8.049999999999999
2022-04-19,58873,6.95
2022-04-20,85294,10.6
2022-04-21,77520,10.85
2022-04-22,97494,16.4
2022-04-23,94585,14.45
2022-04-24,83406,13.05
2022-04-25,72682,11.1
2022-04-26,74947,13.35
2022-04-27,82446,9.7
2022-04-28,78531,9.4
2022-04-29,87089,11.1
2022-04-30,101537,13.35
2022-05-01,94657,14.450000000000001
2022-05-02,54536,11.95
2022-05-03,92564,13.649999999999999
2022-05-04,79594,14.15
2022-05-05,110355,18.3
2022-05-06,35170,12.75
2022-05-07,20557,8.6
2022-05-08,62745,10.8
2022-05-09,93995,14.700000000000001
2022-05-10,104600,16.7
2022-05-11,107079,17.799999999999997
2022-05-12,110862,19.15
2022-05-13,95861,18.05
2022-05-14,79812,18.9
2022-05-15,108477,20.0
2022-05-16,79295,20.0
2022-05-17,117412,19.45
2022-05-18,117596,17.5
2022-05-19,90207,15.549999999999999
2022-05-20,85189,16.700000000000003
2022-05-21,115215,24.450000000000003
2022-05-22,103604,26.95
2022-05-23,101563,19.450000000000003
2022-05-24,104949,16.65
2022-05-25,114182,16.4
2022-05-26,111106,16.65
2022-05-27,89185,22.5
2022-05-28,82607,20.25
2022-05-29,101235,20.0
2022-05-30,100732,23.049999999999997
2022-05-31,100360,26.1
2022-06-01,88070,18.9
2022-06-02,98712,21.4
2022-06-03,120876,20.549999999999997
2022-06-04,127507,21.4
2022-06-05,115902,19.45
2022-06-06,110255,21.95
2022-06-07,103639,21.4
2022-06-08,123906,23.35
2022-06-09,115009,22.75
2022-06-10,122508,21.1
2022-06-11,115603,21.1
2022-06-12,90287,19.7
2022-06-13,111525,24.7
2022-06-14,123640,23.6
2022-06-15,127915,23.6
2022-06-16,102031,18.9
2022-06-17,119656,25.85
2022-06-18,108577,19.15
2022-06-19,105636,17.5
2022-06-20,114193,19.75
2022-06-21,99400,21.95
2022-06-22,94428,18.049999999999997
2022-06-23,117321,19.700000000000003
2022-06-24,124257,22.2
2022-06-25,118493,26.400000000000002
2022-06-26,106089,27.5
2022-06-27,79616,22.8
2022-06-28,121346,22.5
2022-06-29,121539,23.9
2022-06-30,116209,25.3
2022-07-01,103432,27.799999999999997
2022-07-02,88943,26.700000000000003
2022-07-03,89364,26.950000000000003
2022-07-04,94692,23.85
2022-07-05,88946,25.85
2022-07-06,112874,25.549999999999997
2022-07-07,114752,24.75
2022-07-08,98312,24.15
2022-07-09,123237,25.549999999999997
2022-07-10,115594,23.85
2022-07-11,111362,24.4
2022-07-12,111767,26.650000000000002
2022-07-13,120853,28.049999999999997
2022-07-14,120450,27.200000000000003
2022-07-15,119355,26.4
2022-07-16,111650,24.15
2022-07-17,111004,25.0
2022-07-18,83439,23.9
2022-07-19,119752,27.5
2022-07-20,117760,30.3
2022-07-21,109101,28.299999999999997
2022-07-22,111786,30.0
2022-07-23,107728,30.3
2022-07-24,99639,30.55
2022-07-25,96351,26.4
2022-07-26,122455,24.45
2022-07-27,125081,25.25
2022-07-28,117505,26.700000000000003
2022-07-29,114611,25.799999999999997
2022-07-30,123256,26.700000000000003
2022-07-31,112671,25.85
2022-08-01,98167,22.5
2022-08-02,120945,27.200000000000003
2022-08-03,124946,26.7
2022-08-04,118082,29.15
2022-08-05,114401,28.65
2022-08-06,123062,29.15
2022-08-07,95005,28.849999999999998
2022-08-08,104188,30.0
2022-08-09,109152,30.85
2022-08-10,123692,27.25
2022-08-11,114225,26.95
2022-08-12,122804,25.549999999999997
2022-08-13,132252,22.200000000000003
2022-08-14,111858,23.35
2022-08-15,111846,24.15
2022-08-16,122538,23.6
2022-08-17,120504,22.2
2022-08-18,121945,23.65
2022-08-19,120752,26.400000000000002
2022-08-20,128688,27.75
2022-08-21,110432,25.0
2022-08-22,85908,24.450000000000003
2022-08-23,118449,26.1
2022-08-24,122883,26.950000000000003
2022-08-25,120158,27.5
2022-08-26,108773,26.950000000000003
2022-08-27,117835,27.75
2022-08-28,107815,25.3
2022-08-29,108140,26.65
2022-08-30,113460,27.25
2022-08-31,123277,25.0
2022-09-01,121537,25.3
2022-09-02,116500,21.4
2022-09-03,107735,23.05
2022-09-04,99471,26.950000000000003
2022-09-05,93932,26.950000000000003
2022-09-06,40735,21.35
2022-09-07,112912,20.25
2022-09-08,134611,21.950000000000003
2022-09-09,133707,21.7
2022-09-10,134650,23.9
2022-09-11,67771,21.9
2022-09-12,115155,23.6
2022-09-13,122436,23.9
2022-09-14,135072,21.7
2022-09-15,132381,20.0
2022-09-16,131682,18.9
2022-09-17,130502,21.1
2022-09-18,116749,23.85
2022-09-19,102898,24.7
2022-09-20,130001,22.75
2022-09-21,133613,21.7
2022-09-22,102216,18.9
2022-09-23,113272,13.899999999999999
2022-09-24,113146,15.0
2022-09-25,86810,18.6
2022-09-26,105459,18.85
2022-09-27,116586,18.05
2022-09-28,123677,16.15
2022-09-29,121411,15.299999999999999
2022-09-30,115282,13.899999999999999
2022-10-01,59778,13.350000000000001
2022-10-02,51635,12.8
2022-10-03,49566,10.0
2022-10-04,51994,10.3
2022-10-05,69309,13.6
2022-10-06,123901,17.5
2022-10-07,123619,19.4
2022-10-08,100747,11.350000000000001
2022-10-09,93815,11.4
2022-10-10,96125,15.25
2022-10-11,112059,15.850000000000001
2022-10-12,118695,17.5
2022-10-13,73732,16.4
2022-10-14,114921,15.25
2022-10-15,118062,15.0
2022-10-16,101163,14.45
2022-10-17,88784,15.299999999999999
2022-10-18,101005,10.55
2022-10-19,99852,8.899999999999999
2022-10-20,104413,10.55
2022-10-21,108664,12.25
2022-10-22,111348,14.149999999999999
2022-10-23,66604,14.15
2022-10-24,66311,14.450000000000001
2022-10-25,98171,18.6
2022-10-26,112685,18.9
2022-10-27,115653,14.7
2022-10-28,106226,10.25
2022-10-29,105008,10.25
2022-10-30,95656,11.649999999999999
2022-10-31,96458,14.45
2022-11-01,103775,17.2
2022-11-02,117444,16.65
2022-11-03,116776,15.25
2022-11-04,118788,16.4
2022-11-05,122101,21.1
2022-11-06,103297,21.4
2022-11-07,107226,18.6
2022-11-08,96598,11.350000000000001
2022-11-09,95500,8.05
2022-11-10,109046,13.6
2022-11-11,54871,17.5
2022-11-12,113802,18.1
2022-11-13,69264,10.55
2022-11-14,73998,5.0
2022-11-15,64512,4.75
2022-11-16,76960,6.95
2022-11-17,78388,5.3
2022-11-18,73521,3.9000000000000004
2022-11-19,59493,1.9500000000000002
2022-11-20,45018,1.7000000000000002
2022-11-21,59696,1.15
2022-11-22,74006,6.699999999999999
2022-11-23,73869,9.2
2022-11-24,37888,8.3
2022-11-25,43128,10.3
2022-11-26,59617,9.75
2022-11-27,34622,12.25
2022-11-28,73068,8.6
2022-11-29,75411,4.45
2022-11-30,54667,9.4
2022-12-01,73173,3.9
2022-12-02,74951,4.15
2022-12-03,45429,10.8
2022-12-04,62606,5.25
2022-12-05,73891,5.550000000000001
2022-12-06,52639,10.0
2022-12-07,74044,13.6
2022-12-08,89347,9.2
2022-12-09,76825,4.7
2022-12-10,63441,1.95
2022-12-11,32718,2.5
2022-12-12,59960,0.5999999999999999
2022-12-13,65507,0.30000000000000027
2022-12-14,67388,1.7
2022-12-15,44106,3.0999999999999996
2022-12-16,28414,5.0
2022-12-17,59369,4.45
2022-12-18,48245,2.2
2022-12-19,54328,1.7
2022-12-20,58639,1.45
2022-12-21,59180,0.8500000000000001
2022-12-22,39131,5.0
2022-12-23,26043,0.6000000000000005
2022-12-24,11542,-11.55
2022-12-25,9164,-6.0
2022-12-26,19221,-4.65
2022-12-27,33044,0.04999999999999993
2022-12-28,44027,4.45
2022-12-29,51674,7.5
2022-12-30,62298,12.25
2022-12-31,31466,11.4
